user_id,engagement_type,content_interactions,forum_posts,discord_messages,webinar_attendance,office_hours_attendance,documentation_views,templates_used,account_age_days,Cluster
1,3,35,2,90,9,0,123,3,248,2
2,4,51,16,175,2,2,242,16,252,3
3,4,68,6,32,4,0,278,7,175,0
4,2,56,24,3,6,2,203,13,239,0
5,4,7,35,24,5,2,269,7,245,0
6,0,30,17,171,2,0,124,3,197,3
7,2,61,38,88,6,0,264,17,130,1
8,1,9,4,2,5,4,97,11,85,0
9,0,45,48,196,4,2,144,17,51,3
10,0,53,14,101,3,2,257,3,221,2
11,1,3,3,63,9,3,46,1,294,2
12,0,91,17,177,6,3,291,17,80,1
13,4,27,22,171,2,0,27,18,9,3
14,0,50,3,30,5,0,294,0,73,2
15,2,3,20,150,5,1,254,11,125,2
16,2,44,2,79,6,0,0,5,80,2
17,2,9,44,109,9,1,27,6,137,2
18,3,78,42,78,6,0,19,13,293,1
19,2,16,19,1,3,2,260,17,349,0
20,0,73,5,182,9,3,20,3,29,2
21,4,64,29,170,2,2,39,1,163,3
22,1,12,38,121,4,0,0,10,163,3
23,4,26,32,174,2,4,140,13,60,3
24,0,31,47,171,0,4,106,9,37,3
25,4,39,45,160,6,0,201,10,1,1
26,0,4,9,13,2,3,292,15,118,0
27,1,29,47,23,7,0,46,18,11,1
28,3,84,22,111,9,2,7,19,317,1
29,4,77,49,112,0,2,176,3,245,3
30,2,44,6,98,5,0,93,17,89,0
31,0,81,33,69,4,3,132,2,332,3
32,4,22,8,95,0,1,247,10,116,0
33,2,54,23,107,5,2,131,4,323,2
34,1,8,6,17,8,3,59,11,300,2
35,3,20,3,21,4,1,209,2,336,0
36,1,34,45,91,5,1,268,5,151,1
37,2,37,48,184,2,0,43,13,44,3
38,4,82,15,90,0,4,27,16,59,0
39,1,47,30,80,5,2,114,0,120,2
40,2,1,14,12,0,2,242,6,267,0
41,3,83,13,196,7,2,63,12,69,3
42,1,28,21,68,2,1,173,10,203,0
43,2,4,30,124,5,4,85,19,228,3
44,0,9,12,20,1,4,21,9,188,0
45,0,59,3,54,4,1,65,19,209,0
46,4,23,39,33,0,4,299,19,224,0
47,4,40,19,163,1,0,148,14,54,3
48,3,7,2,192,3,2,8,12,192,3
49,4,83,2,46,4,0,135,18,137,0
50,1,46,7,80,8,3,212,6,220,2
51,2,91,31,18,3,2,151,12,300,0
52,0,76,15,186,9,4,289,0,114,2
53,3,48,32,164,6,1,90,14,53,1
54,2,0,38,159,5,2,182,12,175,3
55,4,17,16,125,6,1,48,19,212,0
56,3,1,30,76,5,2,149,3,238,2
57,4,47,36,6,6,4,52,12,105,0
58,2,3,16,36,5,1,193,3,49,2
59,3,38,8,87,2,3,4,19,255,0
60,0,7,11,9,7,2,246,7,170,2
61,3,6,5,20,3,1,10,15,69,0
62,3,55,40,20,4,2,253,4,157,0
63,1,18,48,104,7,2,47,5,333,1
64,3,34,38,113,9,0,7,14,86,1
65,3,78,5,133,6,2,30,13,198,0
66,1,26,49,17,1,3,205,3,104,3
67,2,43,1,192,1,4,88,1,220,3
68,2,59,39,191,1,4,209,15,363,3
69,0,4,40,32,5,0,115,0,164,2
70,2,80,22,163,4,4,110,15,193,3
71,0,20,23,197,2,2,18,9,117,3
72,3,99,3,178,0,0,183,3,116,3
73,1,15,36,130,2,3,80,2,154,3
74,2,58,20,5,8,2,109,8,23,0
75,4,17,42,104,1,4,178,12,85,3
76,3,27,5,0,2,4,219,12,260,0
77,3,49,34,159,6,1,227,18,167,1
78,2,22,1,37,4,3,107,7,98,0
79,4,66,41,191,0,3,8,18,244,3
80,3,60,41,21,5,0,187,12,30,1
81,3,14,1,179,7,3,132,7,11,2
82,0,56,15,128,5,3,97,17,241,3
83,2,31,33,11,3,1,183,8,137,0
84,2,0,7,180,9,2,51,8,209,2
85,0,6,13,140,1,3,14,15,148,3
86,4,37,30,192,2,2,140,9,281,3
87,1,60,27,181,5,0,40,6,286,3
88,0,57,2,166,8,4,205,6,135,2
89,2,63,5,81,1,2,76,18,357,0
90,3,49,34,116,4,4,53,3,55,3
91,2,59,33,139,4,3,86,12,15,3
92,1,77,41,85,3,0,117,6,28,1
93,0,52,3,186,0,1,223,18,76,3
94,4,94,13,38,0,4,27,1,228,0
95,2,36,37,93,1,3,189,11,118,3
96,3,14,9,113,8,0,79,2,344,2
97,1,33,4,95,9,2,137,11,333,2
98,2,33,28,48,2,3,291,6,139,0
99,4,42,33,185,0,4,84,19,145,3
100,1,32,21,38,9,2,74,3,184,2
101,2,77,17,127,3,1,45,10,195,3
102,2,39,22,32,5,4,203,18,153,0
103,0,86,31,189,8,3,168,12,270,1
104,0,22,36,182,4,0,290,16,22,1
105,0,60,43,116,7,0,189,4,152,1
106,0,27,12,74,5,1,68,6,163,2
107,3,47,5,10,2,2,195,4,144,0
108,2,25,13,4,6,1,287,18,292,0
109,3,82,42,78,9,4,126,4,51,2
110,3,73,16,194,0,4,0,12,134,3
111,1,87,46,76,5,3,41,14,202,1
112,3,9,2,12,9,3,197,6,42,2
113,4,97,28,166,1,3,218,9,161,3
114,4,32,20,64,0,2,99,5,102,0
115,2,0,41,21,7,2,211,4,115,2
116,1,50,24,70,1,4,226,18,252,0
117,3,8,42,118,5,2,265,12,283,1
118,1,67,19,53,2,4,1,4,314,3
119,4,23,13,74,5,1,16,6,259,0
120,4,68,16,8,8,1,247,15,24,0
121,4,76,44,117,3,1,74,2,4,3
122,1,64,29,58,5,4,133,2,66,2
123,4,60,17,34,8,3,80,10,240,0
124,4,4,39,134,0,3,233,9,121,3
125,3,33,12,117,1,0,146,8,8,3
126,2,79,7,74,4,2,162,9,122,0
127,0,42,16,30,5,3,258,16,135,0
128,2,24,18,179,4,0,102,3,213,3
129,1,93,45,187,2,1,184,10,303,1
130,0,2,46,178,2,1,69,13,246,3
131,2,89,14,77,3,3,35,17,208,0
132,4,48,4,16,0,0,295,16,192,0
133,2,46,5,5,6,3,212,17,244,0
134,4,93,21,136,4,0,267,19,346,1
135,0,53,22,38,1,2,22,7,210,3
136,1,18,4,41,3,2,22,15,323,0
137,1,83,37,28,5,3,269,15,183,1
138,4,50,22,28,6,1,149,17,158,0
139,3,54,47,115,8,4,278,13,116,1
140,0,90,15,96,2,0,131,10,49,3
141,3,9,17,166,8,4,187,14,137,2
142,2,75,37,174,7,3,235,11,333,1
143,0,46,21,114,6,3,240,13,234,2
144,4,65,36,161,1,0,100,18,198,3
145,2,1,11,186,4,0,101,10,99,3
146,2,58,40,32,7,1,230,11,35,1
147,2,64,44,106,8,1,248,5,232,1
148,3,32,19,180,7,4,257,8,251,2
149,2,0,21,186,1,4,4,16,233,3
150,4,15,0,125,3,0,210,11,175,0
151,4,88,22,179,3,3,243,17,284,1
152,3,1,43,199,8,0,99,11,77,1
153,4,47,26,184,9,2,99,10,258,1
154,1,42,16,97,2,2,22,3,265,3
155,2,0,7,103,5,0,193,9,266,2
156,0,69,21,199,9,2,133,8,17,2
157,4,56,37,115,7,4,68,10,313,1
158,0,30,38,78,6,0,27,18,116,1
159,4,10,33,168,6,0,286,7,262,1
160,1,24,48,126,8,4,217,2,214,2
161,3,22,36,194,5,2,269,7,20,2
162,3,5,33,66,7,2,114,8,279,2
163,2,4,18,114,2,2,276,15,44,0
164,1,49,8,9,4,2,161,10,49,0
165,1,10,48,93,9,3,11,7,54,2
166,3,59,6,195,6,3,252,9,5,2
167,0,74,40,152,3,3,290,3,259,3
168,4,94,4,170,8,2,224,10,60,2
169,1,86,28,10,0,0,184,3,295,0
170,4,70,13,66,4,3,133,10,323,0
171,0,62,49,163,0,2,80,1,178,3
172,0,25,3,146,6,4,78,4,213,2
173,1,99,24,168,6,1,212,19,162,1
174,1,79,13,51,9,2,96,8,149,2
175,0,42,21,11,5,0,69,2,101,2
176,0,18,36,69,8,4,194,3,291,2
177,4,16,23,179,4,4,68,9,252,3
178,4,29,14,24,5,3,49,19,69,0
179,1,88,36,62,1,3,76,19,42,0
180,4,53,33,33,5,2,149,4,294,1
181,2,50,49,173,5,1,154,1,341,1
182,1,58,29,50,0,0,0,9,146,3
183,3,13,7,15,4,2,177,14,320,0
184,0,5,19,8,1,3,69,9,208,0
185,3,74,36,49,0,4,221,9,126,0
186,1,82,35,168,9,1,129,9,255,1
187,1,82,6,95,6,1,115,7,34,2
188,3,44,16,110,1,1,231,5,159,3
189,2,4,36,29,6,2,35,7,283,2
190,3,21,22,37,0,1,130,16,242,0
191,2,15,36,101,9,4,194,5,260,2
192,2,41,6,8,7,3,198,4,185,2
193,1,79,38,77,5,0,190,2,315,1
194,1,5,35,25,4,0,67,18,240,1
195,2,1,3,113,3,4,88,19,213,0
196,0,29,28,160,6,3,234,3,6,2
197,0,10,46,172,4,2,197,10,98,3
198,1,47,12,188,6,4,0,19,304,3
199,3,24,37,68,0,3,101,13,183,3
200,4,32,49,119,3,0,119,1,83,3
201,4,30,17,57,3,3,103,19,147,0
202,1,38,28,168,5,2,74,12,363,3
203,0,20,27,175,5,0,212,0,110,2
204,2,90,40,129,9,0,38,5,262,1
205,1,36,14,93,2,3,230,19,125,0
206,1,79,25,156,4,4,69,15,304,3
207,2,47,46,95,5,1,45,13,173,1
208,2,97,16,141,0,2,234,12,13,3
209,1,43,18,130,9,2,215,15,286,1
210,4,42,43,90,4,0,292,12,40,1
211,3,51,14,33,0,2,143,16,314,0
212,4,94,25,171,6,0,266,18,269,1
213,0,95,23,180,4,2,69,12,94,3
214,2,91,11,179,3,2,266,11,156,3
215,3,46,15,101,5,2,268,12,314,0
216,0,34,30,30,0,3,152,5,291,3
217,3,84,38,117,5,2,47,8,163,1
218,3,77,33,60,7,4,73,14,47,0
219,1,36,30,99,2,1,70,5,181,3
220,1,92,24,67,0,3,226,19,254,0
221,4,1,30,55,3,0,188,5,256,0
222,0,95,42,167,5,3,178,7,252,1
223,3,46,34,38,4,0,253,13,360,1
224,1,97,22,8,8,4,5,12,75,0
225,0,79,35,192,9,4,248,17,259,1
226,0,54,9,34,6,2,198,12,279,0
227,3,27,35,89,3,2,84,14,277,3
228,1,86,35,28,4,4,29,18,300,0
229,0,13,48,107,8,4,191,0,354,2
230,3,58,44,78,4,0,253,7,167,1
231,4,33,15,113,9,4,34,11,52,2
232,3,19,1,105,9,4,5,0,183,2
233,2,87,3,167,6,4,225,8,279,2
234,3,51,8,165,8,0,150,14,100,1
235,2,39,23,117,2,4,8,17,298,3
236,2,4,8,43,2,0,74,5,29,0
237,4,79,6,103,6,0,93,18,11,0
238,0,36,45,54,2,3,101,5,300,3
239,4,47,39,34,0,2,230,4,110,0
240,3,89,4,51,3,4,22,14,357,0
241,0,57,7,123,7,4,237,3,197,2
242,2,87,7,85,7,2,11,16,222,0
243,3,25,13,30,8,4,157,0,330,2
244,3,90,25,101,6,0,88,6,115,1
245,2,78,26,113,8,3,177,16,344,1
246,1,90,37,103,3,0,151,1,230,1
247,4,62,42,96,9,0,138,13,89,1
248,4,22,11,158,8,0,147,17,269,1
249,4,66,7,21,2,4,259,13,76,0
250,4,5,15,2,8,1,95,9,144,0
251,1,64,18,27,5,0,93,12,14,0
252,0,92,43,68,8,1,173,14,133,1
253,2,69,46,196,3,1,56,16,359,1
254,2,81,26,61,4,0,245,15,278,1
255,1,56,5,53,9,2,29,19,137,0
256,2,33,45,101,7,2,299,0,53,2
257,4,95,0,83,3,0,73,3,128,0
258,3,71,43,172,6,4,275,14,38,1
259,2,18,4,33,8,1,277,6,61,2
260,1,36,11,157,0,3,162,5,261,3
261,3,48,4,0,1,4,88,6,264,0
262,1,30,16,79,2,4,154,10,88,0
263,0,42,12,76,6,1,7,6,10,2
264,1,41,32,142,6,4,172,10,305,2
265,3,52,6,99,2,1,144,4,203,0
266,2,43,21,17,4,3,14,7,360,0
267,2,78,19,48,2,2,216,5,252,0
268,0,38,1,98,5,3,85,8,114,2
269,1,37,48,51,4,0,132,11,312,1
270,1,96,12,92,4,0,45,18,351,1
271,0,72,11,193,8,1,127,9,315,1
272,3,36,22,120,6,2,120,8,135,2
273,0,22,22,173,6,3,10,1,47,2
274,4,71,6,29,0,3,286,0,43,0
275,1,80,44,66,8,0,290,3,329,1
276,3,41,7,187,8,4,277,17,282,2
277,1,38,43,130,2,4,1,11,282,3
278,3,20,8,108,0,3,269,6,183,0
279,1,74,39,125,0,3,140,14,51,3
280,2,72,15,60,0,3,225,10,7,0
281,3,3,14,37,0,2,19,17,249,0
282,3,29,16,78,2,1,106,8,310,0
283,0,73,42,17,2,2,36,13,143,0
284,0,66,26,81,2,2,247,12,274,0
285,1,95,3,124,3,4,286,11,255,0
286,4,40,17,8,3,4,58,9,180,0
287,2,92,33,106,8,3,219,2,185,2
288,3,34,31,122,8,1,25,0,164,2
289,1,68,29,9,4,2,90,10,256,0
290,1,26,31,143,5,0,240,9,239,1
291,4,11,49,170,9,2,155,3,199,2
292,2,80,10,136,5,3,85,0,198,2
293,4,75,39,152,3,0,281,6,285,1
294,0,31,28,159,2,3,101,7,353,3
295,3,6,14,68,0,3,66,6,328,3
296,4,29,5,98,0,3,12,14,276,0
297,3,84,40,116,8,2,20,8,128,1
298,2,72,39,40,8,0,88,9,273,1
299,0,14,45,67,4,2,124,0,82,2
300,3,15,14,52,7,3,168,10,217,2
301,2,95,23,194,0,3,50,6,30,3
302,2,27,16,85,7,1,130,9,161,2
303,3,37,7,19,0,0,238,15,159,0
304,3,68,31,161,4,3,296,10,243,1
305,3,20,26,65,1,0,99,13,1,0
306,3,79,9,13,4,0,118,2,253,0
307,2,42,32,0,4,4,154,2,56,2
308,1,47,36,179,7,3,250,5,59,2
309,2,50,1,57,2,3,67,2,13,0
310,0,7,23,36,1,0,119,15,353,0
311,1,78,44,51,5,3,122,19,198,1
312,0,68,42,134,0,1,35,17,221,3
313,3,12,3,140,5,0,31,12,174,3
314,0,54,21,94,3,4,29,4,112,3
315,2,64,30,3,8,3,162,3,170,2
316,0,48,19,2,1,1,26,10,105,0
317,0,65,12,77,5,4,235,18,156,0
318,4,90,10,69,8,4,170,19,333,0
319,4,3,37,56,5,4,152,4,262,2
320,0,31,9,181,0,1,241,8,296,3
321,3,2,36,113,1,1,117,1,15,3
322,4,79,49,183,3,4,186,2,254,3
323,2,59,43,4,7,1,205,9,322,1
324,0,58,8,158,7,4,49,6,319,2
325,0,38,26,10,1,2,115,14,24,0
326,0,65,27,94,0,4,234,18,54,0
327,0,74,8,153,9,4,251,12,163,2
328,0,42,33,125,7,4,223,15,353,1
329,1,48,5,104,2,3,64,15,23,0
330,3,29,43,111,1,2,208,3,170,3
331,0,34,22,195,3,4,257,16,182,3
332,2,98,47,109,0,3,255,15,15,3
333,1,47,18,159,0,4,168,0,198,3
334,0,35,13,78,2,2,61,11,195,3
335,0,71,18,184,0,1,106,3,295,3
336,0,9,20,141,6,0,276,3,306,2
337,3,46,34,151,4,3,205,18,322,1
338,4,84,6,45,3,1,26,8,18,0
339,2,56,48,67,8,4,183,6,30,2
340,0,56,12,37,8,0,189,13,216,1
341,2,62,17,67,1,4,239,12,49,0
342,2,81,44,27,5,2,9,13,125,1
343,2,83,41,92,0,3,244,12,173,3
344,3,24,12,129,2,2,113,18,33,0
345,1,42,28,179,2,2,121,10,253,3
346,4,22,44,97,3,3,189,7,41,3
347,2,24,8,71,2,4,16,4,300,3
348,4,38,31,194,3,1,81,18,211,3
349,1,13,47,152,4,1,99,2,48,3
350,0,12,12,91,6,3,216,5,239,2
351,4,89,32,51,6,4,63,8,278,0
352,0,11,20,12,3,4,33,13,227,0
353,1,77,10,29,4,3,70,11,253,0
354,1,90,0,100,9,4,170,6,286,2
355,4,6,2,92,9,1,128,10,273,2
356,2,39,45,86,8,2,127,10,247,1
357,3,7,8,164,2,3,248,15,47,0
358,4,71,26,12,1,1,118,12,9,0
359,3,42,11,150,8,1,298,17,295,1
360,2,68,47,9,7,1,209,7,348,1
361,3,2,15,79,7,3,235,0,218,2
362,0,43,35,56,5,0,278,9,117,1
363,1,71,45,70,4,3,4,6,354,3
364,0,36,7,32,7,2,239,9,20,2
365,0,29,38,40,1,4,196,14,20,0
366,2,54,21,32,8,0,178,14,306,1
367,1,2,32,180,4,4,291,14,350,3
368,2,62,12,30,9,0,144,5,341,1
369,2,8,46,167,5,4,17,11,362,3
370,2,38,15,5,3,4,217,11,290,0
371,1,97,27,105,9,4,145,14,357,1
372,2,18,6,122,7,0,238,2,314,2
373,2,43,0,83,0,3,285,15,71,0
374,2,36,23,58,2,3,122,3,21,0
375,3,7,13,42,1,2,185,19,243,0
376,3,17,12,41,9,4,108,4,30,2
377,0,2,33,20,1,0,53,11,27,3
378,3,21,34,141,2,2,168,0,122,3
379,2,60,45,97,8,2,145,16,233,1
380,1,32,28,193,7,2,81,4,125,2
381,1,83,1,164,1,0,287,6,108,3
382,1,42,22,103,5,0,155,17,193,1
383,0,25,31,99,5,2,269,17,261,1
384,0,54,40,32,2,4,43,5,121,3
385,2,95,23,107,2,1,79,15,63,3
386,3,9,21,71,0,0,156,16,154,0
387,0,35,0,0,2,1,56,17,229,0
388,2,9,27,199,5,3,188,13,245,3
389,1,58,25,95,3,4,134,13,349,3
390,1,44,38,53,6,1,3,11,278,1
391,3,12,10,179,1,4,292,18,233,3
392,1,12,31,75,4,1,51,6,338,3
393,2,58,48,162,8,0,199,4,35,1
394,1,96,11,67,3,4,111,1,75,0
395,0,45,44,23,5,1,96,18,334,1
396,1,26,23,155,3,3,90,11,128,3
397,1,44,17,152,5,0,142,6,203,3
398,3,38,7,61,2,1,62,1,47,0
399,4,31,16,191,7,4,27,5,75,2
400,2,90,43,170,5,0,257,7,282,1
401,1,6,34,136,3,3,102,17,196,3
402,0,44,37,56,9,0,110,7,255,1
403,4,78,47,64,1,0,101,11,127,1
404,3,85,15,90,4,4,92,19,104,0
405,0,3,8,176,4,1,288,5,345,2
406,2,35,8,185,2,3,203,14,107,3
407,0,22,27,164,7,3,195,11,238,2
408,4,68,46,190,3,3,31,4,189,3
409,3,48,0,122,7,4,43,2,120,2
410,2,69,8,10,6,3,64,15,150,0
411,1,28,45,84,1,1,63,8,300,3
412,4,26,28,155,2,4,286,14,11,3
413,1,16,9,142,8,4,205,12,142,2
414,0,19,30,156,6,0,240,7,22,2
415,2,25,47,37,3,4,274,13,31,0
416,2,49,45,92,5,0,68,3,324,1
417,1,38,32,106,0,3,80,15,330,3
418,3,54,10,148,4,3,15,10,31,3
419,1,14,47,124,9,1,30,10,155,1
420,2,51,47,112,6,1,87,11,57,1
421,0,12,1,116,5,4,93,9,74,2
422,4,3,36,175,8,2,260,8,278,2
423,3,66,22,74,4,1,46,4,232,3
424,3,89,21,47,7,0,205,10,210,1
425,4,71,8,195,0,4,42,6,66,3
426,1,10,16,145,9,3,120,0,85,2
427,4,93,34,123,4,4,51,2,143,3
428,2,51,9,60,1,4,71,16,288,0
429,4,37,4,175,6,3,286,4,86,2
430,3,61,20,68,5,4,29,15,318,0
431,4,9,38,31,2,4,55,9,158,0
432,0,47,35,127,4,0,167,12,111,1
433,3,40,33,105,4,0,203,12,305,1
434,1,69,33,30,8,4,201,0,347,2
435,0,47,11,180,2,3,122,10,88,3
436,1,48,12,132,8,1,112,12,51,2
437,0,29,0,104,1,0,82,0,240,3
438,2,43,16,87,4,2,114,10,195,0
439,4,58,45,111,4,0,247,19,246,1
440,1,51,40,4,8,3,203,10,121,1
441,0,79,26,53,9,4,98,0,175,2
442,1,68,29,14,5,2,93,10,280,1
443,0,40,20,158,4,2,166,9,272,3
444,4,42,43,105,7,1,48,14,12,1
445,3,69,49,36,3,0,131,0,283,1
446,0,85,8,139,3,4,22,2,38,3
447,2,96,40,182,9,4,59,2,125,2
448,0,66,9,71,5,2,60,16,285,0
449,2,26,30,75,6,0,261,19,285,1
450,1,26,6,2,5,0,106,15,284,0
451,4,38,9,169,5,1,211,8,156,2
452,4,2,41,164,8,4,9,0,67,2
453,4,94,17,62,2,1,132,6,358,0
454,2,97,26,10,3,2,186,12,319,0
455,3,73,19,193,4,0,96,16,41,3
456,4,18,24,109,5,4,115,14,181,0
457,3,92,38,157,5,2,153,5,226,1
458,0,23,45,109,1,1,128,7,43,3
459,0,25,36,193,1,3,50,5,238,3
460,1,21,6,197,9,3,280,14,353,2
461,2,74,15,97,7,2,206,17,5,0
462,4,13,48,162,5,4,178,10,88,3
463,2,31,9,50,2,4,148,10,51,0
464,3,92,44,129,2,2,61,4,66,3
465,2,49,49,102,8,0,274,13,145,1
466,3,67,25,51,3,3,274,17,102,0
467,2,93,7,28,9,3,204,19,307,0
468,1,2,8,160,7,1,223,7,134,2
469,4,97,44,26,9,4,282,13,90,1
470,1,24,43,60,6,2,90,19,131,1
471,2,31,29,32,6,0,56,7,69,1
472,0,64,36,154,1,4,251,7,146,3
473,1,99,32,47,0,3,14,12,196,3
474,4,70,39,102,6,4,124,15,315,1
475,3,15,21,164,6,4,146,12,141,2
476,1,91,44,53,4,2,2,17,316,1
477,0,75,33,92,2,3,247,18,155,0
478,0,48,19,173,0,3,204,8,174,3
479,0,19,2,34,6,3,202,3,141,2
480,0,31,34,170,6,0,23,7,188,3
481,0,62,47,178,0,1,276,9,90,3
482,2,44,9,33,6,3,90,15,302,0
483,1,61,1,165,1,3,200,10,240,3
484,3,19,19,31,2,4,287,11,226,0
485,2,97,39,50,6,3,69,17,301,1
486,0,94,30,42,8,1,51,17,272,1
487,4,36,7,11,4,4,24,9,2,0
488,2,40,24,12,6,2,234,2,239,2
489,4,69,16,31,2,1,297,10,290,0
490,4,33,34,177,9,0,192,16,10,1
491,2,84,24,53,8,1,221,13,124,1
492,3,44,19,160,7,3,85,17,150,2
493,2,90,32,18,1,0,251,11,68,0
494,1,44,5,12,8,3,231,1,252,2
495,2,83,0,131,2,4,16,7,38,3
496,4,34,21,1,0,3,158,14,168,0
497,1,34,19,25,4,1,5,17,306,0
498,4,3,48,167,2,4,246,4,49,3
499,3,23,19,171,1,2,114,12,293,3
500,1,22,24,138,0,2,102,13,62,3
501,0,27,24,67,4,0,31,10,294,3
502,4,30,3,157,6,1,32,3,302,2
503,2,6,12,100,0,3,18,2,332,3
504,3,63,4,156,8,1,162,18,275,1
505,1,96,39,33,9,0,153,10,91,1
506,2,15,47,168,0,3,39,2,353,3
507,2,75,48,29,8,0,290,17,4,1
508,3,41,21,38,8,2,256,13,274,1
509,0,50,22,126,6,4,29,14,233,3
510,2,85,31,43,7,3,86,0,149,2
511,4,54,10,176,3,4,85,8,1,3
512,3,95,19,38,8,0,107,10,259,1
513,1,5,17,73,3,3,221,4,35,2
514,4,77,27,157,2,2,101,3,139,3
515,1,30,36,40,7,3,132,1,7,2
516,0,69,24,157,0,2,119,9,239,3
517,3,36,6,191,9,3,68,10,125,2
518,0,77,40,16,9,1,97,13,129,1
519,2,53,1,195,3,1,193,10,17,3
520,4,62,13,141,3,3,218,18,339,0
521,2,29,23,70,0,1,99,4,48,3
522,2,21,28,85,4,0,91,9,306,1
523,0,37,47,109,1,3,150,12,132,3
524,2,42,47,129,3,4,121,8,250,3
525,0,54,26,100,0,3,282,10,286,3
526,0,35,34,71,6,3,188,11,112,2
527,0,20,20,116,2,0,151,9,275,3
528,0,99,26,44,3,2,60,8,342,1
529,0,77,49,55,7,1,59,7,212,1
530,1,69,41,152,4,2,269,10,299,1
531,4,86,46,1,4,4,294,18,231,0
532,3,95,28,150,1,3,94,18,175,3
533,1,40,41,126,3,0,109,8,256,3
534,3,80,45,0,6,0,50,10,165,1
535,0,48,16,107,2,0,208,3,335,3
536,3,29,4,118,0,3,1,11,315,3
537,3,75,28,173,4,3,59,4,151,3
538,2,19,45,143,5,4,13,19,176,3
539,3,80,34,137,1,2,100,1,36,3
540,4,53,45,111,8,1,133,5,141,1
541,1,84,46,53,4,3,61,1,163,3
542,1,58,12,193,9,1,266,1,11,2
543,1,42,13,85,2,1,223,6,169,0
544,0,29,10,17,7,2,164,6,71,2
545,2,53,45,122,8,2,26,12,321,1
546,1,75,49,171,7,1,289,5,71,1
547,2,81,9,113,4,1,221,12,29,0
548,3,31,17,75,3,3,210,0,308,2
549,3,83,3,35,3,1,265,13,110,0
550,2,55,13,118,9,4,276,11,150,2
551,3,1,2,57,8,4,183,12,76,2
552,3,49,12,77,6,4,101,7,84,2
553,2,36,26,174,8,1,283,1,41,2
554,2,79,49,92,9,3,78,19,13,1
555,3,14,38,113,4,3,118,14,38,3
556,3,89,46,128,7,4,228,10,76,1
557,1,80,2,172,5,0,5,0,100,3
558,3,51,42,198,4,0,4,3,44,3
559,1,39,9,63,2,0,114,9,86,0
560,4,11,13,90,7,2,184,12,264,2
561,0,57,3,20,2,1,72,14,285,0
562,0,75,49,89,5,0,65,3,299,1
563,3,40,39,136,6,0,5,9,294,1
564,1,34,34,171,4,2,39,10,323,3
565,0,12,21,81,2,3,26,1,104,3
566,1,4,30,187,5,3,279,1,219,2
567,0,46,0,87,7,1,143,5,251,2
568,4,10,26,72,8,0,124,18,230,1
569,0,40,46,61,0,1,129,13,327,3
570,2,88,4,186,7,2,7,13,364,1
571,4,61,36,180,1,0,100,19,212,3
572,1,86,15,165,9,3,134,15,242,1
573,3,44,16,188,7,4,294,14,351,2
574,0,99,3,41,3,3,236,15,175,0
575,4,23,16,122,2,3,271,17,288,0
576,3,34,42,159,6,1,64,15,225,1
577,3,18,28,42,6,0,129,18,215,1
578,1,56,2,155,2,2,2,12,183,3
579,3,15,5,113,6,1,136,10,126,2
580,1,64,43,11,9,2,293,11,76,1
581,2,1,6,158,3,1,78,11,297,3
582,3,68,32,3,4,4,127,5,40,0
583,2,91,24,109,9,4,292,5,322,2
584,3,63,3,50,4,2,246,1,214,0
585,2,53,37,177,1,0,165,9,109,3
586,4,89,44,167,9,2,289,19,221,1
587,1,71,38,110,0,0,74,1,229,3
588,4,19,24,53,0,1,127,18,360,0
589,3,63,10,89,4,2,184,11,307,0
590,1,76,30,45,5,2,250,14,33,0
591,3,89,11,43,9,0,32,14,19,1
592,3,88,14,77,6,1,15,5,198,1
593,2,63,18,47,1,0,204,1,204,0
594,1,39,43,109,7,2,161,5,191,2
595,2,29,32,187,6,1,270,1,158,2
596,2,36,21,181,2,2,244,14,239,3
597,0,15,16,88,2,0,165,19,214,0
598,1,21,24,105,4,3,53,6,143,3
599,1,14,40,158,7,0,254,2,122,2
600,1,66,31,50,8,1,263,8,129,1
601,0,15,32,192,7,3,85,11,3,2
602,2,77,43,33,4,1,128,8,231,1
603,0,36,37,0,9,1,280,17,140,1
604,0,98,42,32,7,4,208,15,219,1
605,1,9,0,15,6,0,130,14,11,0
606,1,84,6,57,0,3,97,3,229,0
607,4,96,43,71,5,1,58,15,201,1
608,2,74,26,179,8,0,171,8,186,1
609,3,66,15,91,2,4,17,1,97,3
610,3,52,12,63,3,4,167,7,255,0
611,1,86,0,34,2,3,47,4,49,0
612,4,76,20,3,5,1,46,10,132,0
613,4,44,30,45,5,0,187,16,37,0
614,3,38,49,57,7,3,32,11,332,1
615,1,66,41,119,7,0,106,9,69,1
616,2,18,28,8,4,4,229,16,279,0
617,4,6,14,178,1,2,65,4,321,3
618,1,52,35,106,4,2,133,3,239,3
619,1,88,15,181,0,4,219,5,363,3
620,0,60,42,143,0,0,55,17,48,3
621,3,31,10,143,5,0,128,12,291,1
622,1,76,13,140,6,3,243,18,234,1
623,4,39,48,169,7,4,155,1,156,2
624,3,16,45,81,9,3,278,12,351,1
625,0,72,37,36,5,2,175,7,298,1
626,1,3,43,128,3,3,23,5,45,3
627,4,41,26,21,1,1,207,3,172,0
628,4,80,12,153,0,2,12,2,77,3
629,2,24,20,20,2,4,127,2,43,0
630,3,19,42,5,8,1,213,17,266,1
631,4,56,7,197,0,3,297,6,224,3
632,1,7,4,137,6,2,144,0,209,2
633,4,98,3,30,9,3,117,16,17,0
634,4,74,5,51,2,4,36,6,149,0
635,0,93,28,73,0,3,233,9,292,3
636,4,30,15,98,0,3,40,9,94,3
637,3,44,16,160,3,0,273,6,247,3
638,1,91,6,65,5,1,273,9,97,0
639,4,0,30,179,5,1,225,6,70,2
640,2,43,26,80,9,4,204,5,310,2
641,4,39,47,28,9,3,232,3,82,2
642,2,7,12,181,0,0,109,13,145,3
643,1,86,43,121,1,4,96,13,28,3
644,2,23,13,132,5,2,95,5,155,2
645,3,3,19,192,1,1,25,15,229,3
646,2,45,43,15,1,4,86,3,96,3
647,4,56,30,175,6,2,248,0,220,2
648,2,21,30,39,9,4,268,11,102,2
649,4,3,15,176,6,1,251,6,106,2
650,0,14,7,168,9,1,294,2,336,2
651,1,39,27,43,9,3,196,6,27,2
652,2,80,28,119,6,1,31,17,219,1
653,0,53,10,117,2,0,131,10,350,3
654,1,36,22,24,2,4,233,18,16,0
655,1,11,0,87,1,2,221,12,289,0
656,2,70,28,24,6,0,254,7,52,1
657,2,58,16,9,6,1,218,19,15,0
658,0,35,18,124,2,3,50,17,279,3
659,1,74,2,155,3,0,165,4,181,3
660,4,68,46,51,8,2,64,17,271,1
661,0,90,29,100,8,0,28,5,242,1
662,0,27,19,49,1,0,74,1,133,3
663,0,1,41,26,8,3,235,2,196,2
664,2,29,49,96,8,3,169,9,241,1
665,3,61,47,74,1,3,47,3,31,3
666,0,91,47,150,3,2,264,0,98,3
667,1,86,34,120,5,4,180,16,122,1
668,2,69,5,177,4,1,232,8,303,3
669,0,37,8,103,1,0,75,18,101,3
670,3,3,22,37,2,4,140,19,150,0
671,0,75,31,185,5,1,174,17,226,1
672,1,73,13,196,1,1,61,2,356,3
673,2,85,17,168,9,0,273,7,199,1
674,1,43,1,8,7,1,242,17,216,0
675,4,12,44,165,0,2,20,11,332,3
676,2,41,30,48,4,1,92,17,298,1
677,4,91,19,154,5,1,66,12,277,1
678,3,9,44,3,3,1,271,18,104,0
679,3,57,19,71,4,2,107,5,303,0
680,3,11,40,5,8,4,295,9,115,2
681,1,16,48,81,9,1,259,0,293,2
682,1,90,21,166,1,0,62,13,162,3
683,1,36,27,177,9,0,295,19,216,1
684,4,85,28,3,4,1,168,6,301,0
685,2,7,11,144,1,2,206,18,322,3
686,4,54,3,28,7,1,152,18,109,0
687,4,47,0,98,7,4,95,7,71,2
688,0,43,18,126,4,3,53,5,350,3
689,1,72,21,29,6,4,237,4,41,2
690,3,99,34,129,3,0,227,13,178,1
691,1,31,4,171,1,3,85,16,355,3
692,3,45,28,55,3,3,166,6,170,0
693,0,15,19,57,0,0,43,3,127,3
694,3,38,29,126,1,3,252,4,69,3
695,2,75,45,77,3,0,115,7,30,1
696,0,24,23,41,5,3,126,0,363,2
697,3,92,46,100,5,2,252,15,169,1
698,0,66,29,9,6,0,87,4,1,1
699,3,76,17,97,0,0,193,2,47,3
700,0,18,44,95,8,3,36,5,156,2
701,0,78,38,192,6,3,133,19,135,1
702,1,23,22,74,1,0,168,12,311,3
703,0,36,17,3,7,2,190,9,222,2
704,2,24,21,160,1,2,85,15,221,3
705,2,25,2,5,1,1,155,16,193,0
706,1,23,47,68,0,4,186,14,300,3
707,4,46,32,149,1,2,127,18,83,3
708,4,64,38,21,3,1,132,14,252,0
709,4,61,36,138,1,1,72,17,363,3
710,0,84,22,126,5,0,103,14,146,1
711,3,17,3,33,6,1,239,19,118,0
712,2,17,49,76,3,3,135,8,190,3
713,0,12,35,6,5,1,6,6,118,2
714,1,5,1,102,7,0,286,13,96,2
715,4,28,49,17,1,2,133,0,287,3
716,1,30,11,81,5,2,33,17,44,0
717,3,57,32,140,4,3,83,19,309,3
718,1,72,12,20,0,4,61,12,109,0
719,0,34,21,159,0,4,59,7,95,3
720,3,3,8,119,7,2,176,4,113,2
721,4,60,25,6,3,3,49,16,79,0
722,2,14,49,7,8,0,87,15,127,1
723,2,69,10,70,4,4,112,4,254,0
724,4,48,45,94,5,0,285,18,170,1
725,3,75,45,151,7,0,253,2,340,1
726,4,49,36,157,0,0,184,11,52,3
727,4,88,12,60,5,4,230,17,6,0
728,1,35,38,79,8,2,99,8,262,1
729,3,97,20,19,4,2,2,7,246,0
730,1,74,42,129,1,4,158,1,99,3
731,1,69,38,104,9,2,22,14,208,1
732,4,40,48,94,8,1,228,1,362,1
733,3,51,5,113,0,2,236,11,219,0
734,0,38,44,127,4,2,144,11,5,3
735,4,68,21,24,8,0,283,11,207,1
736,4,4,9,106,3,3,229,6,72,2
737,2,86,3,154,3,0,194,5,284,3
738,1,50,31,164,0,4,290,14,56,3
739,1,32,17,24,4,3,68,18,162,0
740,1,14,29,2,3,2,272,12,252,0
741,1,73,18,137,2,3,247,0,328,3
742,1,63,26,13,8,2,72,11,172,1
743,3,12,11,190,6,1,283,19,4,2
744,3,0,15,27,8,4,272,2,342,2
745,4,32,43,7,8,4,117,17,80,0
746,4,90,37,81,4,1,204,10,191,1
747,1,5,45,127,4,2,195,3,68,2
748,4,83,43,184,2,1,125,13,58,3
749,1,61,8,117,9,4,212,2,309,2
750,4,25,22,184,5,1,58,3,131,3
751,3,81,46,161,5,3,31,1,298,3
752,1,7,14,175,3,0,66,19,141,3
753,2,64,41,7,4,1,166,15,274,1
754,4,33,17,156,9,3,170,0,350,2
755,2,47,11,192,3,4,153,12,334,3
756,3,47,17,63,5,3,204,18,66,0
757,3,93,19,82,7,1,292,11,254,1
758,0,80,38,36,9,1,93,1,133,1
759,3,75,7,9,8,0,197,5,171,0
760,2,13,46,93,8,0,136,11,157,1
761,2,41,1,54,3,1,270,10,341,0
762,1,89,43,37,4,2,132,8,104,1
763,2,88,6,31,8,0,247,3,347,1
764,4,43,40,14,3,2,257,16,226,0
765,2,99,34,94,8,1,97,1,98,1
766,1,76,7,172,3,2,20,4,351,3
767,2,12,12,179,5,3,151,8,102,2
768,3,48,49,99,6,1,173,13,255,1
769,4,58,2,2,3,0,174,3,261,0
770,1,5,34,110,1,1,235,4,196,3
771,4,76,47,143,8,2,100,16,44,1
772,3,33,25,94,5,4,51,14,264,0
773,3,13,40,160,0,3,197,10,183,3
774,4,19,34,184,8,3,235,18,224,1
775,4,17,1,43,0,1,122,18,266,0
776,4,71,2,59,4,2,206,6,268,0
777,1,5,18,60,5,2,241,18,69,0
778,0,3,37,47,9,0,135,12,5,1
779,2,3,7,97,1,1,39,7,1,3
780,2,65,11,106,8,4,275,13,60,2
781,1,24,2,90,4,0,114,13,256,0
782,1,86,11,196,5,2,254,18,351,1
783,4,94,3,39,2,4,245,12,324,0
784,4,71,25,25,6,4,178,6,316,0
785,1,82,3,107,5,1,139,0,166,2
786,2,52,27,184,1,0,265,4,336,3
787,0,28,22,107,8,3,249,2,112,2
788,4,55,48,124,5,1,235,2,94,1
789,0,60,21,119,1,4,41,6,208,3
790,1,44,7,92,3,1,183,14,67,0
791,4,34,20,37,7,1,65,5,149,2
792,1,64,43,168,3,1,162,0,341,3
793,0,52,3,142,1,3,270,7,170,3
794,2,93,45,21,8,1,79,5,279,1
795,0,58,23,114,8,4,205,4,43,2
796,2,72,4,51,1,0,258,19,245,0
797,4,48,22,92,7,1,275,3,115,2
798,1,74,20,9,3,3,214,8,49,0
799,4,95,5,176,2,2,278,14,204,0
800,1,30,48,157,3,2,207,13,90,3
801,2,72,5,116,2,3,223,14,43,0
802,1,43,11,16,0,3,172,14,226,0
803,3,96,6,167,1,3,173,14,211,3
804,0,96,4,197,4,4,122,0,341,3
805,4,1,48,15,7,3,36,15,3,0
806,0,56,31,10,0,3,296,17,264,0
807,1,41,1,121,6,2,27,17,20,0
808,4,99,19,124,8,3,299,10,262,1
809,2,51,15,41,0,4,95,15,54,0
810,4,43,31,79,0,3,157,9,143,0
811,1,49,8,170,7,2,211,13,363,2
812,3,49,33,168,9,1,60,3,134,2
813,4,42,17,180,5,1,169,7,330,3
814,2,24,7,122,3,2,230,7,240,2
815,1,71,41,121,9,2,270,19,73,1
816,1,7,24,1,7,1,177,13,353,1
817,0,45,30,109,3,2,263,15,180,1
818,2,54,17,48,8,1,34,9,76,2
819,1,4,13,76,7,3,193,7,212,2
820,4,68,36,102,6,0,129,13,188,1
821,3,30,31,47,1,1,290,10,146,0
822,0,77,45,150,6,2,18,18,336,1
823,0,69,18,143,1,2,180,15,261,3
824,4,50,27,195,9,4,95,17,53,2
825,1,41,8,176,4,0,223,8,173,3
826,4,51,14,101,2,0,144,2,80,3
827,2,73,16,50,1,0,147,17,298,0
828,2,98,26,193,5,2,89,2,129,3
829,0,38,12,125,3,0,63,5,250,3
830,3,39,5,83,4,0,94,14,334,0
831,2,20,30,45,7,1,64,15,245,1
832,3,70,31,45,8,4,137,7,157,2
833,0,92,33,137,8,1,217,10,287,1
834,4,44,38,91,7,2,96,7,318,1
835,4,94,45,174,0,2,271,4,196,3
836,2,98,45,2,3,4,269,11,242,0
837,1,44,24,119,6,2,34,4,142,2
838,4,70,19,149,5,0,244,11,77,1
839,4,70,43,31,4,4,162,2,329,0
840,2,23,49,36,6,0,217,4,316,1
841,3,23,40,27,6,0,207,13,299,1
842,2,1,46,175,0,4,66,11,229,3
843,3,32,27,49,9,4,10,10,177,2
844,2,97,20,46,7,2,16,7,60,0
845,0,67,18,9,9,4,68,16,115,0
846,3,89,21,51,6,2,236,14,107,0
847,4,84,10,53,9,2,81,10,138,0
848,4,7,38,108,1,1,115,15,19,3
849,4,78,42,2,2,2,43,14,13,0
850,0,97,8,102,9,3,116,0,129,2
851,2,50,32,81,1,0,58,2,86,3
852,4,11,25,148,1,1,21,1,120,3
853,2,36,8,124,7,1,200,2,314,2
854,1,76,37,78,8,1,77,12,105,1
855,1,27,30,169,2,2,11,18,168,3
856,3,46,38,185,6,2,202,8,161,1
857,1,95,31,185,5,0,228,6,287,1
858,3,21,20,58,9,1,157,19,109,1
859,0,37,34,173,1,0,48,9,339,3
860,1,29,2,36,6,0,83,19,4,0
861,1,39,49,113,2,2,201,8,254,3
862,4,78,22,157,0,1,104,11,308,3
863,3,97,10,7,7,1,230,7,59,0
864,0,60,17,185,1,1,152,7,141,3
865,0,82,6,192,2,2,255,3,246,3
866,0,29,25,83,8,1,198,16,264,1
867,4,73,34,154,1,4,42,13,106,3
868,2,88,43,123,6,0,172,11,355,1
869,3,62,32,131,3,0,217,16,29,1
870,2,29,9,88,7,4,106,14,300,2
871,0,94,32,142,8,3,192,14,303,1
872,3,80,7,96,8,3,204,18,239,0
873,0,4,9,159,5,0,248,4,240,2
874,3,13,42,70,9,4,286,6,362,2
875,1,79,6,84,8,3,200,12,51,2
876,4,46,7,197,9,2,170,13,315,2
877,2,98,19,169,5,1,47,8,111,3
878,4,45,31,124,1,4,288,5,66,3
879,2,7,7,115,1,0,131,3,213,3
880,4,73,23,97,2,4,251,15,91,0
881,4,47,43,38,3,0,87,16,336,1
882,1,71,28,88,7,3,119,2,337,2
883,3,22,42,107,0,1,3,13,156,3
884,1,2,38,174,3,2,99,14,284,3
885,1,35,23,172,8,1,182,7,99,2
886,2,83,41,7,2,0,139,7,172,1
887,4,6,26,183,5,2,263,9,189,2
888,0,64,13,17,9,4,124,7,271,2
889,1,20,25,23,9,0,263,19,249,1
890,1,86,44,174,8,0,137,16,337,1
891,0,35,25,96,0,2,190,8,176,3
892,2,3,31,191,3,4,157,19,224,3
893,0,97,10,161,9,3,159,10,353,1
894,1,59,27,115,0,2,189,6,109,3
895,4,3,7,138,4,3,104,0,159,2
896,0,23,18,91,9,0,98,19,233,1
897,0,9,14,141,5,3,270,4,215,2
898,2,46,25,43,6,2,71,1,147,2
899,4,65,40,86,8,3,131,4,228,1
900,0,10,2,151,3,3,10,18,130,3
901,1,42,26,123,7,0,195,17,28,1
902,0,52,14,146,0,1,282,16,6,3
903,4,97,40,109,2,0,185,10,214,1
904,3,7,14,25,3,3,4,12,10,0
905,4,40,1,44,5,0,174,8,237,0
906,4,47,39,125,0,4,14,14,104,3
907,1,47,1,57,4,3,171,11,364,0
908,3,49,35,74,7,0,149,1,10,2
909,4,72,34,135,2,1,153,7,309,3
910,1,34,18,11,3,3,205,5,272,0
911,4,64,17,185,3,2,269,12,125,3
912,0,19,6,105,1,4,20,12,117,3
913,3,89,49,133,7,3,273,11,58,1
914,1,55,44,186,1,0,62,14,117,3
915,1,75,14,68,8,1,259,6,106,2
916,0,25,41,104,0,0,232,19,276,3
917,4,26,36,168,2,3,65,3,285,3
918,3,5,1,107,7,1,124,10,136,2
919,0,60,21,75,3,3,247,12,157,0
920,4,33,33,112,2,0,41,12,52,3
921,4,72,11,133,5,4,149,0,129,2
922,1,39,15,148,6,0,82,6,46,2
923,4,16,27,134,4,3,260,5,27,2
924,3,50,42,135,1,2,113,2,50,3
925,0,87,42,178,7,4,245,1,39,2
926,2,0,14,129,9,2,8,11,96,2
927,2,10,31,187,8,3,243,12,2,2
928,2,85,12,136,1,3,219,7,242,3
929,4,27,0,119,9,2,217,4,131,2
930,0,64,35,89,9,1,242,19,68,1
931,0,61,9,39,3,1,7,18,74,0
932,2,13,37,173,3,0,43,17,49,3
933,0,98,36,142,7,1,179,6,53,1
934,2,6,22,24,0,1,60,2,283,3
935,2,75,7,18,8,1,158,8,21,0
936,1,66,42,41,4,2,252,18,323,1
937,4,91,33,109,7,2,60,4,135,1
938,2,99,13,86,3,3,157,5,165,0
939,2,33,35,7,2,2,96,8,236,0
940,3,30,37,87,3,3,171,19,138,0
941,1,99,30,195,8,2,157,8,164,1
942,3,2,23,83,5,4,133,5,175,2
943,2,34,46,122,2,3,30,0,325,3
944,0,91,17,94,8,1,160,7,213,1
945,1,32,20,133,9,1,153,1,189,2
946,1,62,6,90,9,3,221,15,14,2
947,0,36,15,34,5,3,159,1,151,2
948,3,17,30,26,0,2,104,8,19,0
949,4,5,2,130,0,2,122,15,227,0
950,3,23,32,187,4,4,270,6,245,2
951,1,79,9,30,2,3,280,19,74,0
952,3,1,42,54,6,1,163,13,337,1
953,1,53,13,63,3,1,117,4,261,0
954,2,18,24,172,7,4,89,18,180,2
955,3,53,3,112,4,2,232,14,210,0
956,0,28,8,193,6,1,190,1,281,2
957,3,87,14,100,1,0,19,10,137,3
958,4,65,21,81,0,2,248,17,112,0
959,0,98,38,136,4,2,189,6,278,1
960,0,50,8,136,2,1,158,12,328,3
961,4,69,33,184,4,0,5,8,53,3
962,0,59,48,179,8,3,184,15,172,1
963,4,97,18,14,9,1,269,7,93,1
964,2,19,41,28,2,3,114,2,123,3
965,3,2,5,54,0,3,264,5,5,0
966,4,68,32,56,9,3,35,0,346,2
967,1,76,49,28,1,3,0,1,199,3
968,1,42,16,77,6,2,288,2,155,2
969,0,56,40,158,7,3,129,13,164,1
970,3,50,48,158,8,2,271,19,301,1
971,2,20,32,12,1,2,289,11,91,0
972,0,0,42,105,2,1,99,6,67,3
973,2,80,24,185,3,2,84,19,221,3
974,2,29,44,193,0,3,194,16,239,3
975,1,1,49,89,4,4,119,16,147,3
976,2,8,13,196,6,0,104,17,37,3
977,4,26,42,178,9,1,66,17,288,1
978,4,80,5,128,0,3,17,7,147,3
979,4,2,27,94,9,4,2,5,183,2
980,1,32,6,43,3,4,242,8,198,0
981,0,84,18,159,5,0,251,11,25,1
982,0,69,29,177,4,3,41,19,353,3
983,0,56,5,68,3,1,141,14,33,0
984,4,30,44,67,8,2,15,16,361,1
985,3,67,0,40,4,2,242,19,21,0
986,1,59,24,159,6,4,139,7,15,2
987,3,13,30,41,2,4,93,0,230,3
988,1,98,48,129,2,2,244,7,120,1
989,3,68,21,139,4,4,281,9,256,2
990,1,96,16,33,6,3,192,16,26,0
991,0,41,40,174,1,1,74,12,119,3
992,2,96,19,154,0,4,132,4,352,3
993,0,34,6,85,9,0,236,19,182,1
994,3,84,9,145,6,0,122,3,80,2
995,0,62,19,30,0,1,173,7,128,0
996,3,87,5,65,7,3,284,19,137,0
997,4,33,20,20,2,3,255,3,222,0
998,4,7,4,137,7,3,118,19,241,0
999,3,45,40,189,0,4,230,9,168,3
1000,0,45,20,52,7,2,13,0,211,2
